TeamA,TeamB,TeamA_Win_Prob
1112,1114,0.5
1112,1122,0.5
1112,1124,0.5
1112,1138,0.5
1112,1139,0.5
1112,1143,0.5
1112,1151,0.5
1112,1153,0.5
1112,1160,0.5
1112,1163,0.5
1112,1167,0.5
1112,1173,0.5
1112,1181,0.5
1112,1192,0.5
1112,1195,0.5
1112,1201,0.5
1112,1211,0.5
1112,1214,0.5
1112,1218,0.5
1112,1221,0.5
1112,1231,0.5
1112,1233,0.5
1112,1234,0.5
1112,1235,0.5
1112,1242,0.5
1112,1246,0.5
1112,1268,0.5
1112,1274,0.5
1112,1276,0.5
1112,1277,0.5
1112,1292,0.5
1112,1314,0.5
1112,1320,0.5
1112,1323,0.5
1112,1328,0.5
1112,1332,0.5
1112,1333,0.5
1112,1338,0.5
1112,1344,0.5
1112,1345,0.5
1112,1355,0.5
1112,1371,0.5
1112,1372,0.5
1112,1380,0.5
1112,1386,0.5
1112,1392,0.5
1112,1393,0.5
1112,1396,0.5
1112,1400,0.5
1112,1401,0.5
1112,1403,0.5
1112,1409,0.5
1112,1421,0.5
1112,1423,0.5
1112,1425,0.5
1112,1428,0.5
1112,1433,0.5
1112,1435,0.5
1112,1437,0.5
1112,1438,0.5
1112,1451,0.5
1112,1452,0.5
1112,1453,0.5
1112,1455,0.5
1112,1458,0.5
1112,1462,0.5
1112,1463,0.5
1114,1122,0.5
1114,1124,0.5
1114,1138,0.5
1114,1139,0.5
1114,1143,0.5
1114,1151,0.5
1114,1153,0.5
1114,1160,0.5
1114,1163,0.5
1114,1167,0.5
1114,1173,0.5
1114,1181,0.5
1114,1192,0.5
1114,1195,0.5
1114,1201,0.5
1114,1211,0.5
1114,1214,0.5
1114,1218,0.5
1114,1221,0.5
1114,1231,0.5
1114,1233,0.5
1114,1234,0.5
1114,1235,0.5
1114,1242,0.5
1114,1246,0.5
1114,1268,0.5
1114,1274,0.5
1114,1276,0.5
1114,1277,0.5
1114,1292,0.5
1114,1314,0.5
1114,1320,0.5
1114,1323,0.5
1114,1328,0.5
1114,1332,0.5
1114,1333,0.5
1114,1338,0.5
1114,1344,0.5
1114,1345,0.5
1114,1355,0.5
1114,1371,0.5
1114,1372,0.5
1114,1380,0.5
1114,1386,0.5
1114,1392,0.5
1114,1393,0.5
1114,1396,0.5
1114,1400,0.5
1114,1401,0.5
1114,1403,0.5
1114,1409,0.5
1114,1421,0.5
1114,1423,0.5
1114,1425,0.5
1114,1428,0.5
1114,1433,0.5
1114,1435,0.5
1114,1437,0.5
1114,1438,0.5
1114,1451,0.5
1114,1452,0.5
1114,1453,0.5
1114,1455,0.5
1114,1458,0.5
1114,1462,0.5
1114,1463,0.5
1122,1124,0.5
1122,1138,0.5
1122,1139,0.5
1122,1143,0.5
1122,1151,0.5
1122,1153,0.5
1122,1160,0.5
1122,1163,0.5
1122,1167,0.5
1122,1173,0.5
1122,1181,0.5
1122,1192,0.5
1122,1195,0.5
1122,1201,0.5
1122,1211,0.5
1122,1214,0.5
1122,1218,0.5
1122,1221,0.5
1122,1231,0.5
1122,1233,0.5
1122,1234,0.5
1122,1235,0.5
1122,1242,0.5
1122,1246,0.5
1122,1268,0.5
1122,1274,0.5
1122,1276,0.5
1122,1277,0.5
1122,1292,0.5
1122,1314,0.5
1122,1320,0.5
1122,1323,0.5
1122,1328,0.5
1122,1332,0.5
1122,1333,0.5
1122,1338,0.5
1122,1344,0.5
1122,1345,0.5
1122,1355,0.5
1122,1371,0.5
1122,1372,0.5
1122,1380,0.5
1122,1386,0.5
1122,1392,0.5
1122,1393,0.5
1122,1396,0.5
1122,1400,0.5
1122,1401,0.5
1122,1403,0.5
1122,1409,0.5
1122,1421,0.5
1122,1423,0.5
1122,1425,0.5
1122,1428,0.5
1122,1433,0.5
1122,1435,0.5
1122,1437,0.5
1122,1438,0.5
1122,1451,0.5
1122,1452,0.5
1122,1453,0.5
1122,1455,0.5
1122,1458,0.5
1122,1462,0.5
1122,1463,0.5
1124,1138,0.5
1124,1139,0.5
1124,1143,0.5
1124,1151,0.5
1124,1153,0.5
1124,1160,0.5
1124,1163,0.5
1124,1167,0.5
1124,1173,0.5
1124,1181,0.5
1124,1192,0.5
1124,1195,0.5
1124,1201,0.5
1124,1211,0.5
1124,1214,0.5
1124,1218,0.5
1124,1221,0.5
1124,1231,0.5
1124,1233,0.5
1124,1234,0.5
1124,1235,0.5
1124,1242,0.5
1124,1246,0.5
1124,1268,0.5
1124,1274,0.5
1124,1276,0.5
1124,1277,0.5
1124,1292,0.5
1124,1314,0.5
1124,1320,0.5
1124,1323,0.5
1124,1328,0.5
1124,1332,0.5
1124,1333,0.5
1124,1338,0.5
1124,1344,0.5
1124,1345,0.5
1124,1355,0.5
1124,1371,0.5
1124,1372,0.5
1124,1380,0.5
1124,1386,0.5
1124,1392,0.5
1124,1393,0.5
1124,1396,0.5
1124,1400,0.5
1124,1401,0.5
1124,1403,0.5
1124,1409,0.5
1124,1421,0.5
1124,1423,0.5
1124,1425,0.5
1124,1428,0.5
1124,1433,0.5
1124,1435,0.5
1124,1437,0.5
1124,1438,0.5
1124,1451,0.5
1124,1452,0.5
1124,1453,0.5
1124,1455,0.5
1124,1458,0.5
1124,1462,0.5
1124,1463,0.5
1138,1139,0.5
1138,1143,0.5
1138,1151,0.5
1138,1153,0.5
1138,1160,0.5
1138,1163,0.5
1138,1167,0.5
1138,1173,0.5
1138,1181,0.5
1138,1192,0.5
1138,1195,0.5
1138,1201,0.5
1138,1211,0.5
1138,1214,0.5
1138,1218,0.5
1138,1221,0.5
1138,1231,0.5
1138,1233,0.5
1138,1234,0.5
1138,1235,0.5
1138,1242,0.5
1138,1246,0.5
1138,1268,0.5
1138,1274,0.5
1138,1276,0.5
1138,1277,0.5
1138,1292,0.5
1138,1314,0.5
1138,1320,0.5
1138,1323,0.5
1138,1328,0.5
1138,1332,0.5
1138,1333,0.5
1138,1338,0.5
1138,1344,0.5
1138,1345,0.5
1138,1355,0.5
1138,1371,0.5
1138,1372,0.5
1138,1380,0.5
1138,1386,0.5
1138,1392,0.5
1138,1393,0.5
1138,1396,0.5
1138,1400,0.5
1138,1401,0.5
1138,1403,0.5
1138,1409,0.5
1138,1421,0.5
1138,1423,0.5
1138,1425,0.5
1138,1428,0.5
1138,1433,0.5
1138,1435,0.5
1138,1437,0.5
1138,1438,0.5
1138,1451,0.5
1138,1452,0.5
1138,1453,0.5
1138,1455,0.5
1138,1458,0.5
1138,1462,0.5
1138,1463,0.5
1139,1143,0.5
1139,1151,0.5
1139,1153,0.5
1139,1160,0.5
1139,1163,0.5
1139,1167,0.5
1139,1173,0.5
1139,1181,0.5
1139,1192,0.5
1139,1195,0.5
1139,1201,0.5
1139,1211,0.5
1139,1214,0.5
1139,1218,0.5
1139,1221,0.5
1139,1231,0.5
1139,1233,0.5
1139,1234,0.5
1139,1235,0.5
1139,1242,0.5
1139,1246,0.5
1139,1268,0.5
1139,1274,0.5
1139,1276,0.5
1139,1277,0.5
1139,1292,0.5
1139,1314,0.5
1139,1320,0.5
1139,1323,0.5
1139,1328,0.5
1139,1332,0.5
1139,1333,0.5
1139,1338,0.5
1139,1344,0.5
1139,1345,0.5
1139,1355,0.5
1139,1371,0.5
1139,1372,0.5
1139,1380,0.5
1139,1386,0.5
1139,1392,0.5
1139,1393,0.5
1139,1396,0.5
1139,1400,0.5
1139,1401,0.5
1139,1403,0.5
1139,1409,0.5
1139,1421,0.5
1139,1423,0.5
1139,1425,0.5
1139,1428,0.5
1139,1433,0.5
1139,1435,0.5
1139,1437,0.5
1139,1438,0.5
1139,1451,0.5
1139,1452,0.5
1139,1453,0.5
1139,1455,0.5
1139,1458,0.5
1139,1462,0.5
1139,1463,0.5
1143,1151,0.5
1143,1153,0.5
1143,1160,0.5
1143,1163,0.5
1143,1167,0.5
1143,1173,0.5
1143,1181,0.5
1143,1192,0.5
1143,1195,0.5
1143,1201,0.5
1143,1211,0.5
1143,1214,0.5
1143,1218,0.5
1143,1221,0.5
1143,1231,0.5
1143,1233,0.5
1143,1234,0.5
1143,1235,0.5
1143,1242,0.5
1143,1246,0.5
1143,1268,0.5
1143,1274,0.5
1143,1276,0.5
1143,1277,0.5
1143,1292,0.5
1143,1314,0.5
1143,1320,0.5
1143,1323,0.5
1143,1328,0.5
1143,1332,0.5
1143,1333,0.5
1143,1338,0.5
1143,1344,0.5
1143,1345,0.5
1143,1355,0.5
1143,1371,0.5
1143,1372,0.5
1143,1380,0.5
1143,1386,0.5
1143,1392,0.5
1143,1393,0.5
1143,1396,0.5
1143,1400,0.5
1143,1401,0.5
1143,1403,0.5
1143,1409,0.5
1143,1421,0.5
1143,1423,0.5
1143,1425,0.5
1143,1428,0.5
1143,1433,0.5
1143,1435,0.5
1143,1437,0.5
1143,1438,0.5
1143,1451,0.5
1143,1452,0.5
1143,1453,0.5
1143,1455,0.5
1143,1458,0.5
1143,1462,0.5
1143,1463,0.5
1151,1153,0.5
1151,1160,0.5
1151,1163,0.5
1151,1167,0.5
1151,1173,0.5
1151,1181,0.5
1151,1192,0.5
1151,1195,0.5
1151,1201,0.5
1151,1211,0.5
1151,1214,0.5
1151,1218,0.5
1151,1221,0.5
1151,1231,0.5
1151,1233,0.5
1151,1234,0.5
1151,1235,0.5
1151,1242,0.5
1151,1246,0.5
1151,1268,0.5
1151,1274,0.5
1151,1276,0.5
1151,1277,0.5
1151,1292,0.5
1151,1314,0.5
1151,1320,0.5
1151,1323,0.5
1151,1328,0.5
1151,1332,0.5
1151,1333,0.5
1151,1338,0.5
1151,1344,0.5
1151,1345,0.5
1151,1355,0.5
1151,1371,0.5
1151,1372,0.5
1151,1380,0.5
1151,1386,0.5
1151,1392,0.5
1151,1393,0.5
1151,1396,0.5
1151,1400,0.5
1151,1401,0.5
1151,1403,0.5
1151,1409,0.5
1151,1421,0.5
1151,1423,0.5
1151,1425,0.5
1151,1428,0.5
1151,1433,0.5
1151,1435,0.5
1151,1437,0.5
1151,1438,0.5
1151,1451,0.5
1151,1452,0.5
1151,1453,0.5
1151,1455,0.5
1151,1458,0.5
1151,1462,0.5
1151,1463,0.5
1153,1160,0.5
1153,1163,0.5
1153,1167,0.5
1153,1173,0.5
1153,1181,0.5
1153,1192,0.5
1153,1195,0.5
1153,1201,0.5
1153,1211,0.5
1153,1214,0.5
1153,1218,0.5
1153,1221,0.5
1153,1231,0.5
1153,1233,0.5
1153,1234,0.5
1153,1235,0.5
1153,1242,0.5
1153,1246,0.5
1153,1268,0.5
1153,1274,0.5
1153,1276,0.5
1153,1277,0.5
1153,1292,0.5
1153,1314,0.5
1153,1320,0.5
1153,1323,0.5
1153,1328,0.5
1153,1332,0.5
1153,1333,0.5
1153,1338,0.5
1153,1344,0.5
1153,1345,0.5
1153,1355,0.5
1153,1371,0.5
1153,1372,0.5
1153,1380,0.5
1153,1386,0.5
1153,1392,0.5
1153,1393,0.5
1153,1396,0.5
1153,1400,0.5
1153,1401,0.5
1153,1403,0.5
1153,1409,0.5
1153,1421,0.5
1153,1423,0.5
1153,1425,0.5
1153,1428,0.5
1153,1433,0.5
1153,1435,0.5
1153,1437,0.5
1153,1438,0.5
1153,1451,0.5
1153,1452,0.5
1153,1453,0.5
1153,1455,0.5
1153,1458,0.5
1153,1462,0.5
1153,1463,0.5
1160,1163,0.5
1160,1167,0.5
1160,1173,0.5
1160,1181,0.5
1160,1192,0.5
1160,1195,0.5
1160,1201,0.5
1160,1211,0.5
1160,1214,0.5
1160,1218,0.5
1160,1221,0.5
1160,1231,0.5
1160,1233,0.5
1160,1234,0.5
1160,1235,0.5
1160,1242,0.5
1160,1246,0.5
1160,1268,0.5
1160,1274,0.5
1160,1276,0.5
1160,1277,0.5
1160,1292,0.5
1160,1314,0.5
1160,1320,0.5
1160,1323,0.5
1160,1328,0.5
1160,1332,0.5
1160,1333,0.5
1160,1338,0.5
1160,1344,0.5
1160,1345,0.5
1160,1355,0.5
1160,1371,0.5
1160,1372,0.5
1160,1380,0.5
1160,1386,0.5
1160,1392,0.5
1160,1393,0.5
1160,1396,0.5
1160,1400,0.5
1160,1401,0.5
1160,1403,0.5
1160,1409,0.5
1160,1421,0.5
1160,1423,0.5
1160,1425,0.5
1160,1428,0.5
1160,1433,0.5
1160,1435,0.5
1160,1437,0.5
1160,1438,0.5
1160,1451,0.5
1160,1452,0.5
1160,1453,0.5
1160,1455,0.5
1160,1458,0.5
1160,1462,0.5
1160,1463,0.5
1163,1167,0.5
1163,1173,0.5
1163,1181,0.5
1163,1192,0.5
1163,1195,0.5
1163,1201,0.5
1163,1211,0.5
1163,1214,0.5
1163,1218,0.5
1163,1221,0.5
1163,1231,0.5
1163,1233,0.5
1163,1234,0.5
1163,1235,0.5
1163,1242,0.5
1163,1246,0.5
1163,1268,0.5
1163,1274,0.5
1163,1276,0.5
1163,1277,0.5
1163,1292,0.5
1163,1314,0.5
1163,1320,0.5
1163,1323,0.5
1163,1328,0.5
1163,1332,0.5
1163,1333,0.5
1163,1338,0.5
1163,1344,0.5
1163,1345,0.5
1163,1355,0.5
1163,1371,0.5
1163,1372,0.5
1163,1380,0.5
1163,1386,0.5
1163,1392,0.5
1163,1393,0.5
1163,1396,0.5
1163,1400,0.5
1163,1401,0.5
1163,1403,0.5
1163,1409,0.5
1163,1421,0.5
1163,1423,0.5
1163,1425,0.5
1163,1428,0.5
1163,1433,0.5
1163,1435,0.5
1163,1437,0.5
1163,1438,0.5
1163,1451,0.5
1163,1452,0.5
1163,1453,0.5
1163,1455,0.5
1163,1458,0.5
1163,1462,0.5
1163,1463,0.5
1167,1173,0.5
1167,1181,0.5
1167,1192,0.5
1167,1195,0.5
1167,1201,0.5
1167,1211,0.5
1167,1214,0.5
1167,1218,0.5
1167,1221,0.5
1167,1231,0.5
1167,1233,0.5
1167,1234,0.5
1167,1235,0.5
1167,1242,0.5
1167,1246,0.5
1167,1268,0.5
1167,1274,0.5
1167,1276,0.5
1167,1277,0.5
1167,1292,0.5
1167,1314,0.5
1167,1320,0.5
1167,1323,0.5
1167,1328,0.5
1167,1332,0.5
1167,1333,0.5
1167,1338,0.5
1167,1344,0.5
1167,1345,0.5
1167,1355,0.5
1167,1371,0.5
1167,1372,0.5
1167,1380,0.5
1167,1386,0.5
1167,1392,0.5
1167,1393,0.5
1167,1396,0.5
1167,1400,0.5
1167,1401,0.5
1167,1403,0.5
1167,1409,0.5
1167,1421,0.5
1167,1423,0.5
1167,1425,0.5
1167,1428,0.5
1167,1433,0.5
1167,1435,0.5
1167,1437,0.5
1167,1438,0.5
1167,1451,0.5
1167,1452,0.5
1167,1453,0.5
1167,1455,0.5
1167,1458,0.5
1167,1462,0.5
1167,1463,0.5
1173,1181,0.5
1173,1192,0.5
1173,1195,0.5
1173,1201,0.5
1173,1211,0.5
1173,1214,0.5
1173,1218,0.5
1173,1221,0.5
1173,1231,0.5
1173,1233,0.5
1173,1234,0.5
1173,1235,0.5
1173,1242,0.5
1173,1246,0.5
1173,1268,0.5
1173,1274,0.5
1173,1276,0.5
1173,1277,0.5
1173,1292,0.5
1173,1314,0.5
1173,1320,0.5
1173,1323,0.5
1173,1328,0.5
1173,1332,0.5
1173,1333,0.5
1173,1338,0.5
1173,1344,0.5
1173,1345,0.5
1173,1355,0.5
1173,1371,0.5
1173,1372,0.5
1173,1380,0.5
1173,1386,0.5
1173,1392,0.5
1173,1393,0.5
1173,1396,0.5
1173,1400,0.5
1173,1401,0.5
1173,1403,0.5
1173,1409,0.5
1173,1421,0.5
1173,1423,0.5
1173,1425,0.5
1173,1428,0.5
1173,1433,0.5
1173,1435,0.5
1173,1437,0.5
1173,1438,0.5
1173,1451,0.5
1173,1452,0.5
1173,1453,0.5
1173,1455,0.5
1173,1458,0.5
1173,1462,0.5
1173,1463,0.5
1181,1192,0.5
1181,1195,0.5
1181,1201,0.5
1181,1211,0.5
1181,1214,0.5
1181,1218,0.5
1181,1221,0.5
1181,1231,0.5
1181,1233,0.5
1181,1234,0.5
1181,1235,0.5
1181,1242,0.5
1181,1246,0.5
1181,1268,0.5
1181,1274,0.5
1181,1276,0.5
1181,1277,0.5
1181,1292,0.5
1181,1314,0.5
1181,1320,0.5
1181,1323,0.5
1181,1328,0.5
1181,1332,0.5
1181,1333,0.5
1181,1338,0.5
1181,1344,0.5
1181,1345,0.5
1181,1355,0.5
1181,1371,0.5
1181,1372,0.5
1181,1380,0.5
1181,1386,0.5
1181,1392,0.5
1181,1393,0.5
1181,1396,0.5
1181,1400,0.5
1181,1401,0.5
1181,1403,0.5
1181,1409,0.5
1181,1421,0.5
1181,1423,0.5
1181,1425,0.5
1181,1428,0.5
1181,1433,0.5
1181,1435,0.5
1181,1437,0.5
1181,1438,0.5
1181,1451,0.5
1181,1452,0.5
1181,1453,0.5
1181,1455,0.5
1181,1458,0.5
1181,1462,0.5
1181,1463,0.5
1192,1195,0.5
1192,1201,0.5
1192,1211,0.5
1192,1214,0.5
1192,1218,0.5
1192,1221,0.5
1192,1231,0.5
1192,1233,0.5
1192,1234,0.5
1192,1235,0.5
1192,1242,0.5
1192,1246,0.5
1192,1268,0.5
1192,1274,0.5
1192,1276,0.5
1192,1277,0.5
1192,1292,0.5
1192,1314,0.5
1192,1320,0.5
1192,1323,0.5
1192,1328,0.5
1192,1332,0.5
1192,1333,0.5
1192,1338,0.5
1192,1344,0.5
1192,1345,0.5
1192,1355,0.5
1192,1371,0.5
1192,1372,0.5
1192,1380,0.5
1192,1386,0.5
1192,1392,0.5
1192,1393,0.5
1192,1396,0.5
1192,1400,0.5
1192,1401,0.5
1192,1403,0.5
1192,1409,0.5
1192,1421,0.5
1192,1423,0.5
1192,1425,0.5
1192,1428,0.5
1192,1433,0.5
1192,1435,0.5
1192,1437,0.5
1192,1438,0.5
1192,1451,0.5
1192,1452,0.5
1192,1453,0.5
1192,1455,0.5
1192,1458,0.5
1192,1462,0.5
1192,1463,0.5
1195,1201,0.5
1195,1211,0.5
1195,1214,0.5
1195,1218,0.5
1195,1221,0.5
1195,1231,0.5
1195,1233,0.5
1195,1234,0.5
1195,1235,0.5
1195,1242,0.5
1195,1246,0.5
1195,1268,0.5
1195,1274,0.5
1195,1276,0.5
1195,1277,0.5
1195,1292,0.5
1195,1314,0.5
1195,1320,0.5
1195,1323,0.5
1195,1328,0.5
1195,1332,0.5
1195,1333,0.5
1195,1338,0.5
1195,1344,0.5
1195,1345,0.5
1195,1355,0.5
1195,1371,0.5
1195,1372,0.5
1195,1380,0.5
1195,1386,0.5
1195,1392,0.5
1195,1393,0.5
1195,1396,0.5
1195,1400,0.5
1195,1401,0.5
1195,1403,0.5
1195,1409,0.5
1195,1421,0.5
1195,1423,0.5
1195,1425,0.5
1195,1428,0.5
1195,1433,0.5
1195,1435,0.5
1195,1437,0.5
1195,1438,0.5
1195,1451,0.5
1195,1452,0.5
1195,1453,0.5
1195,1455,0.5
1195,1458,0.5
1195,1462,0.5
1195,1463,0.5
1201,1211,0.5
1201,1214,0.5
1201,1218,0.5
1201,1221,0.5
1201,1231,0.5
1201,1233,0.5
1201,1234,0.5
1201,1235,0.5
1201,1242,0.5
1201,1246,0.5
1201,1268,0.5
1201,1274,0.5
1201,1276,0.5
1201,1277,0.5
1201,1292,0.5
1201,1314,0.5
1201,1320,0.5
1201,1323,0.5
1201,1328,0.5
1201,1332,0.5
1201,1333,0.5
1201,1338,0.5
1201,1344,0.5
1201,1345,0.5
1201,1355,0.5
1201,1371,0.5
1201,1372,0.5
1201,1380,0.5
1201,1386,0.5
1201,1392,0.5
1201,1393,0.5
1201,1396,0.5
1201,1400,0.5
1201,1401,0.5
1201,1403,0.5
1201,1409,0.5
1201,1421,0.5
1201,1423,0.5
1201,1425,0.5
1201,1428,0.5
1201,1433,0.5
1201,1435,0.5
1201,1437,0.5
1201,1438,0.5
1201,1451,0.5
1201,1452,0.5
1201,1453,0.5
1201,1455,0.5
1201,1458,0.5
1201,1462,0.5
1201,1463,0.5
1211,1214,0.5
1211,1218,0.5
1211,1221,0.5
1211,1231,0.5
1211,1233,0.5
1211,1234,0.5
1211,1235,0.5
1211,1242,0.5
1211,1246,0.5
1211,1268,0.5
1211,1274,0.5
1211,1276,0.5
1211,1277,0.5
1211,1292,0.5
1211,1314,0.5
1211,1320,0.5
1211,1323,0.5
1211,1328,0.5
1211,1332,0.5
1211,1333,0.5
1211,1338,0.5
1211,1344,0.5
1211,1345,0.5
1211,1355,0.5
1211,1371,0.5
1211,1372,0.5
1211,1380,0.5
1211,1386,0.5
1211,1392,0.5
1211,1393,0.5
1211,1396,0.5
1211,1400,0.5
1211,1401,0.5
1211,1403,0.5
1211,1409,0.5
1211,1421,0.5
1211,1423,0.5
1211,1425,0.5
1211,1428,0.5
1211,1433,0.5
1211,1435,0.5
1211,1437,0.5
1211,1438,0.5
1211,1451,0.5
1211,1452,0.5
1211,1453,0.5
1211,1455,0.5
1211,1458,0.5
1211,1462,0.5
1211,1463,0.5
1214,1218,0.5
1214,1221,0.5
1214,1231,0.5
1214,1233,0.5
1214,1234,0.5
1214,1235,0.5
1214,1242,0.5
1214,1246,0.5
1214,1268,0.5
1214,1274,0.5
1214,1276,0.5
1214,1277,0.5
1214,1292,0.5
1214,1314,0.5
1214,1320,0.5
1214,1323,0.5
1214,1328,0.5
1214,1332,0.5
1214,1333,0.5
1214,1338,0.5
1214,1344,0.5
1214,1345,0.5
1214,1355,0.5
1214,1371,0.5
1214,1372,0.5
1214,1380,0.5
1214,1386,0.5
1214,1392,0.5
1214,1393,0.5
1214,1396,0.5
1214,1400,0.5
1214,1401,0.5
1214,1403,0.5
1214,1409,0.5
1214,1421,0.5
1214,1423,0.5
1214,1425,0.5
1214,1428,0.5
1214,1433,0.5
1214,1435,0.5
1214,1437,0.5
1214,1438,0.5
1214,1451,0.5
1214,1452,0.5
1214,1453,0.5
1214,1455,0.5
1214,1458,0.5
1214,1462,0.5
1214,1463,0.5
1218,1221,0.5
1218,1231,0.5
1218,1233,0.5
1218,1234,0.5
1218,1235,0.5
1218,1242,0.5
1218,1246,0.5
1218,1268,0.5
1218,1274,0.5
1218,1276,0.5
1218,1277,0.5
1218,1292,0.5
1218,1314,0.5
1218,1320,0.5
1218,1323,0.5
1218,1328,0.5
1218,1332,0.5
1218,1333,0.5
1218,1338,0.5
1218,1344,0.5
1218,1345,0.5
1218,1355,0.5
1218,1371,0.5
1218,1372,0.5
1218,1380,0.5
1218,1386,0.5
1218,1392,0.5
1218,1393,0.5
1218,1396,0.5
1218,1400,0.5
1218,1401,0.5
1218,1403,0.5
1218,1409,0.5
1218,1421,0.5
1218,1423,0.5
1218,1425,0.5
1218,1428,0.5
1218,1433,0.5
1218,1435,0.5
1218,1437,0.5
1218,1438,0.5
1218,1451,0.5
1218,1452,0.5
1218,1453,0.5
1218,1455,0.5
1218,1458,0.5
1218,1462,0.5
1218,1463,0.5
1221,1231,0.5
1221,1233,0.5
1221,1234,0.5
1221,1235,0.5
1221,1242,0.5
1221,1246,0.5
1221,1268,0.5
1221,1274,0.5
1221,1276,0.5
1221,1277,0.5
1221,1292,0.5
1221,1314,0.5
1221,1320,0.5
1221,1323,0.5
1221,1328,0.5
1221,1332,0.5
1221,1333,0.5
1221,1338,0.5
1221,1344,0.5
1221,1345,0.5
1221,1355,0.5
1221,1371,0.5
1221,1372,0.5
1221,1380,0.5
1221,1386,0.5
1221,1392,0.5
1221,1393,0.5
1221,1396,0.5
1221,1400,0.5
1221,1401,0.5
1221,1403,0.5
1221,1409,0.5
1221,1421,0.5
1221,1423,0.5
1221,1425,0.5
1221,1428,0.5
1221,1433,0.5
1221,1435,0.5
1221,1437,0.5
1221,1438,0.5
1221,1451,0.5
1221,1452,0.5
1221,1453,0.5
1221,1455,0.5
1221,1458,0.5
1221,1462,0.5
1221,1463,0.5
1231,1233,0.5
1231,1234,0.5
1231,1235,0.5
1231,1242,0.5
1231,1246,0.5
1231,1268,0.5
1231,1274,0.5
1231,1276,0.5
1231,1277,0.5
1231,1292,0.5
1231,1314,0.5
1231,1320,0.5
1231,1323,0.5
1231,1328,0.5
1231,1332,0.5
1231,1333,0.5
1231,1338,0.5
1231,1344,0.5
1231,1345,0.5
1231,1355,0.5
1231,1371,0.5
1231,1372,0.5
1231,1380,0.5
1231,1386,0.5
1231,1392,0.5
1231,1393,0.5
1231,1396,0.5
1231,1400,0.5
1231,1401,0.5
1231,1403,0.5
1231,1409,0.5
1231,1421,0.5
1231,1423,0.5
1231,1425,0.5
1231,1428,0.5
1231,1433,0.5
1231,1435,0.5
1231,1437,0.5
1231,1438,0.5
1231,1451,0.5
1231,1452,0.5
1231,1453,0.5
1231,1455,0.5
1231,1458,0.5
1231,1462,0.5
1231,1463,0.5
1233,1234,0.5
1233,1235,0.5
1233,1242,0.5
1233,1246,0.5
1233,1268,0.5
1233,1274,0.5
1233,1276,0.5
1233,1277,0.5
1233,1292,0.5
1233,1314,0.5
1233,1320,0.5
1233,1323,0.5
1233,1328,0.5
1233,1332,0.5
1233,1333,0.5
1233,1338,0.5
1233,1344,0.5
1233,1345,0.5
1233,1355,0.5
1233,1371,0.5
1233,1372,0.5
1233,1380,0.5
1233,1386,0.5
1233,1392,0.5
1233,1393,0.5
1233,1396,0.5
1233,1400,0.5
1233,1401,0.5
1233,1403,0.5
1233,1409,0.5
1233,1421,0.5
1233,1423,0.5
1233,1425,0.5
1233,1428,0.5
1233,1433,0.5
1233,1435,0.5
1233,1437,0.5
1233,1438,0.5
1233,1451,0.5
1233,1452,0.5
1233,1453,0.5
1233,1455,0.5
1233,1458,0.5
1233,1462,0.5
1233,1463,0.5
1234,1235,0.5
1234,1242,0.5
1234,1246,0.5
1234,1268,0.5
1234,1274,0.5
1234,1276,0.5
1234,1277,0.5
1234,1292,0.5
1234,1314,0.5
1234,1320,0.5
1234,1323,0.5
1234,1328,0.5
1234,1332,0.5
1234,1333,0.5
1234,1338,0.5
1234,1344,0.5
1234,1345,0.5
1234,1355,0.5
1234,1371,0.5
1234,1372,0.5
1234,1380,0.5
1234,1386,0.5
1234,1392,0.5
1234,1393,0.5
1234,1396,0.5
1234,1400,0.5
1234,1401,0.5
1234,1403,0.5
1234,1409,0.5
1234,1421,0.5
1234,1423,0.5
1234,1425,0.5
1234,1428,0.5
1234,1433,0.5
1234,1435,0.5
1234,1437,0.5
1234,1438,0.5
1234,1451,0.5
1234,1452,0.5
1234,1453,0.5
1234,1455,0.5
1234,1458,0.5
1234,1462,0.5
1234,1463,0.5
1235,1242,0.5
1235,1246,0.5
1235,1268,0.5
1235,1274,0.5
1235,1276,0.5
1235,1277,0.5
1235,1292,0.5
1235,1314,0.5
1235,1320,0.5
1235,1323,0.5
1235,1328,0.5
1235,1332,0.5
1235,1333,0.5
1235,1338,0.5
1235,1344,0.5
1235,1345,0.5
1235,1355,0.5
1235,1371,0.5
1235,1372,0.5
1235,1380,0.5
1235,1386,0.5
1235,1392,0.5
1235,1393,0.5
1235,1396,0.5
1235,1400,0.5
1235,1401,0.5
1235,1403,0.5
1235,1409,0.5
1235,1421,0.5
1235,1423,0.5
1235,1425,0.5
1235,1428,0.5
1235,1433,0.5
1235,1435,0.5
1235,1437,0.5
1235,1438,0.5
1235,1451,0.5
1235,1452,0.5
1235,1453,0.5
1235,1455,0.5
1235,1458,0.5
1235,1462,0.5
1235,1463,0.5
1242,1246,0.5
1242,1268,0.5
1242,1274,0.5
1242,1276,0.5
1242,1277,0.5
1242,1292,0.5
1242,1314,0.5
1242,1320,0.5
1242,1323,0.5
1242,1328,0.5
1242,1332,0.5
1242,1333,0.5
1242,1338,0.5
1242,1344,0.5
1242,1345,0.5
1242,1355,0.5
1242,1371,0.5
1242,1372,0.5
1242,1380,0.5
1242,1386,0.5
1242,1392,0.5
1242,1393,0.5
1242,1396,0.5
1242,1400,0.5
1242,1401,0.5
1242,1403,0.5
1242,1409,0.5
1242,1421,0.5
1242,1423,0.5
1242,1425,0.5
1242,1428,0.5
1242,1433,0.5
1242,1435,0.5
1242,1437,0.5
1242,1438,0.5
1242,1451,0.5
1242,1452,0.5
1242,1453,0.5
1242,1455,0.5
1242,1458,0.5
1242,1462,0.5
1242,1463,0.5
1246,1268,0.5
1246,1274,0.5
1246,1276,0.5
1246,1277,0.5
1246,1292,0.5
1246,1314,0.5
1246,1320,0.5
1246,1323,0.5
1246,1328,0.5
1246,1332,0.5
1246,1333,0.5
1246,1338,0.5
1246,1344,0.5
1246,1345,0.5
1246,1355,0.5
1246,1371,0.5
1246,1372,0.5
1246,1380,0.5
1246,1386,0.5
1246,1392,0.5
1246,1393,0.5
1246,1396,0.5
1246,1400,0.5
1246,1401,0.5
1246,1403,0.5
1246,1409,0.5
1246,1421,0.5
1246,1423,0.5
1246,1425,0.5
1246,1428,0.5
1246,1433,0.5
1246,1435,0.5
1246,1437,0.5
1246,1438,0.5
1246,1451,0.5
1246,1452,0.5
1246,1453,0.5
1246,1455,0.5
1246,1458,0.5
1246,1462,0.5
1246,1463,0.5
1268,1274,0.5
1268,1276,0.5
1268,1277,0.5
1268,1292,0.5
1268,1314,0.5
1268,1320,0.5
1268,1323,0.5
1268,1328,0.5
1268,1332,0.5
1268,1333,0.5
1268,1338,0.5
1268,1344,0.5
1268,1345,0.5
1268,1355,0.5
1268,1371,0.5
1268,1372,0.5
1268,1380,0.5
1268,1386,0.5
1268,1392,0.5
1268,1393,0.5
1268,1396,0.5
1268,1400,0.5
1268,1401,0.5
1268,1403,0.5
1268,1409,0.5
1268,1421,0.5
1268,1423,0.5
1268,1425,0.5
1268,1428,0.5
1268,1433,0.5
1268,1435,0.5
1268,1437,0.5
1268,1438,0.5
1268,1451,0.5
1268,1452,0.5
1268,1453,0.5
1268,1455,0.5
1268,1458,0.5
1268,1462,0.5
1268,1463,0.5
1274,1276,0.5
1274,1277,0.5
1274,1292,0.5
1274,1314,0.5
1274,1320,0.5
1274,1323,0.5
1274,1328,0.5
1274,1332,0.5
1274,1333,0.5
1274,1338,0.5
1274,1344,0.5
1274,1345,0.5
1274,1355,0.5
1274,1371,0.5
1274,1372,0.5
1274,1380,0.5
1274,1386,0.5
1274,1392,0.5
1274,1393,0.5
1274,1396,0.5
1274,1400,0.5
1274,1401,0.5
1274,1403,0.5
1274,1409,0.5
1274,1421,0.5
1274,1423,0.5
1274,1425,0.5
1274,1428,0.5
1274,1433,0.5
1274,1435,0.5
1274,1437,0.5
1274,1438,0.5
1274,1451,0.5
1274,1452,0.5
1274,1453,0.5
1274,1455,0.5
1274,1458,0.5
1274,1462,0.5
1274,1463,0.5
1276,1277,0.5
1276,1292,0.5
1276,1314,0.5
1276,1320,0.5
1276,1323,0.5
1276,1328,0.5
1276,1332,0.5
1276,1333,0.5
1276,1338,0.5
1276,1344,0.5
1276,1345,0.5
1276,1355,0.5
1276,1371,0.5
1276,1372,0.5
1276,1380,0.5
1276,1386,0.5
1276,1392,0.5
1276,1393,0.5
1276,1396,0.5
1276,1400,0.5
1276,1401,0.5
1276,1403,0.5
1276,1409,0.5
1276,1421,0.5
1276,1423,0.5
1276,1425,0.5
1276,1428,0.5
1276,1433,0.5
1276,1435,0.5
1276,1437,0.5
1276,1438,0.5
1276,1451,0.5
1276,1452,0.5
1276,1453,0.5
1276,1455,0.5
1276,1458,0.5
1276,1462,0.5
1276,1463,0.5
1277,1292,0.5
1277,1314,0.5
1277,1320,0.5
1277,1323,0.5
1277,1328,0.5
1277,1332,0.5
1277,1333,0.5
1277,1338,0.5
1277,1344,0.5
1277,1345,0.5
1277,1355,0.5
1277,1371,0.5
1277,1372,0.5
1277,1380,0.5
1277,1386,0.5
1277,1392,0.5
1277,1393,0.5
1277,1396,0.5
1277,1400,0.5
1277,1401,0.5
1277,1403,0.5
1277,1409,0.5
1277,1421,0.5
1277,1423,0.5
1277,1425,0.5
1277,1428,0.5
1277,1433,0.5
1277,1435,0.5
1277,1437,0.5
1277,1438,0.5
1277,1451,0.5
1277,1452,0.5
1277,1453,0.5
1277,1455,0.5
1277,1458,0.5
1277,1462,0.5
1277,1463,0.5
1292,1314,0.5
1292,1320,0.5
1292,1323,0.5
1292,1328,0.5
1292,1332,0.5
1292,1333,0.5
1292,1338,0.5
1292,1344,0.5
1292,1345,0.5
1292,1355,0.5
1292,1371,0.5
1292,1372,0.5
1292,1380,0.5
1292,1386,0.5
1292,1392,0.5
1292,1393,0.5
1292,1396,0.5
1292,1400,0.5
1292,1401,0.5
1292,1403,0.5
1292,1409,0.5
1292,1421,0.5
1292,1423,0.5
1292,1425,0.5
1292,1428,0.5
1292,1433,0.5
1292,1435,0.5
1292,1437,0.5
1292,1438,0.5
1292,1451,0.5
1292,1452,0.5
1292,1453,0.5
1292,1455,0.5
1292,1458,0.5
1292,1462,0.5
1292,1463,0.5
1314,1320,0.5
1314,1323,0.5
1314,1328,0.5
1314,1332,0.5
1314,1333,0.5
1314,1338,0.5
1314,1344,0.5
1314,1345,0.5
1314,1355,0.5
1314,1371,0.5
1314,1372,0.5
1314,1380,0.5
1314,1386,0.5
1314,1392,0.5
1314,1393,0.5
1314,1396,0.5
1314,1400,0.5
1314,1401,0.5
1314,1403,0.5
1314,1409,0.5
1314,1421,0.5
1314,1423,0.5
1314,1425,0.5
1314,1428,0.5
1314,1433,0.5
1314,1435,0.5
1314,1437,0.5
1314,1438,0.5
1314,1451,0.5
1314,1452,0.5
1314,1453,0.5
1314,1455,0.5
1314,1458,0.5
1314,1462,0.5
1314,1463,0.5
1320,1323,0.5
1320,1328,0.5
1320,1332,0.5
1320,1333,0.5
1320,1338,0.5
1320,1344,0.5
1320,1345,0.5
1320,1355,0.5
1320,1371,0.5
1320,1372,0.5
1320,1380,0.5
1320,1386,0.5
1320,1392,0.5
1320,1393,0.5
1320,1396,0.5
1320,1400,0.5
1320,1401,0.5
1320,1403,0.5
1320,1409,0.5
1320,1421,0.5
1320,1423,0.5
1320,1425,0.5
1320,1428,0.5
1320,1433,0.5
1320,1435,0.5
1320,1437,0.5
1320,1438,0.5
1320,1451,0.5
1320,1452,0.5
1320,1453,0.5
1320,1455,0.5
1320,1458,0.5
1320,1462,0.5
1320,1463,0.5
1323,1328,0.5
1323,1332,0.5
1323,1333,0.5
1323,1338,0.5
1323,1344,0.5
1323,1345,0.5
1323,1355,0.5
1323,1371,0.5
1323,1372,0.5
1323,1380,0.5
1323,1386,0.5
1323,1392,0.5
1323,1393,0.5
1323,1396,0.5
1323,1400,0.5
1323,1401,0.5
1323,1403,0.5
1323,1409,0.5
1323,1421,0.5
1323,1423,0.5
1323,1425,0.5
1323,1428,0.5
1323,1433,0.5
1323,1435,0.5
1323,1437,0.5
1323,1438,0.5
1323,1451,0.5
1323,1452,0.5
1323,1453,0.5
1323,1455,0.5
1323,1458,0.5
1323,1462,0.5
1323,1463,0.5
1328,1332,0.5
1328,1333,0.5
1328,1338,0.5
1328,1344,0.5
1328,1345,0.5
1328,1355,0.5
1328,1371,0.5
1328,1372,0.5
1328,1380,0.5
1328,1386,0.5
1328,1392,0.5
1328,1393,0.5
1328,1396,0.5
1328,1400,0.5
1328,1401,0.5
1328,1403,0.5
1328,1409,0.5
1328,1421,0.5
1328,1423,0.5
1328,1425,0.5
1328,1428,0.5
1328,1433,0.5
1328,1435,0.5
1328,1437,0.5
1328,1438,0.5
1328,1451,0.5
1328,1452,0.5
1328,1453,0.5
1328,1455,0.5
1328,1458,0.5
1328,1462,0.5
1328,1463,0.5
1332,1333,0.5
1332,1338,0.5
1332,1344,0.5
1332,1345,0.5
1332,1355,0.5
1332,1371,0.5
1332,1372,0.5
1332,1380,0.5
1332,1386,0.5
1332,1392,0.5
1332,1393,0.5
1332,1396,0.5
1332,1400,0.5
1332,1401,0.5
1332,1403,0.5
1332,1409,0.5
1332,1421,0.5
1332,1423,0.5
1332,1425,0.5
1332,1428,0.5
1332,1433,0.5
1332,1435,0.5
1332,1437,0.5
1332,1438,0.5
1332,1451,0.5
1332,1452,0.5
1332,1453,0.5
1332,1455,0.5
1332,1458,0.5
1332,1462,0.5
1332,1463,0.5
1333,1338,0.5
1333,1344,0.5
1333,1345,0.5
1333,1355,0.5
1333,1371,0.5
1333,1372,0.5
1333,1380,0.5
1333,1386,0.5
1333,1392,0.5
1333,1393,0.5
1333,1396,0.5
1333,1400,0.5
1333,1401,0.5
1333,1403,0.5
1333,1409,0.5
1333,1421,0.5
1333,1423,0.5
1333,1425,0.5
1333,1428,0.5
1333,1433,0.5
1333,1435,0.5
1333,1437,0.5
1333,1438,0.5
1333,1451,0.5
1333,1452,0.5
1333,1453,0.5
1333,1455,0.5
1333,1458,0.5
1333,1462,0.5
1333,1463,0.5
1338,1344,0.5
1338,1345,0.5
1338,1355,0.5
1338,1371,0.5
1338,1372,0.5
1338,1380,0.5
1338,1386,0.5
1338,1392,0.5
1338,1393,0.5
1338,1396,0.5
1338,1400,0.5
1338,1401,0.5
1338,1403,0.5
1338,1409,0.5
1338,1421,0.5
1338,1423,0.5
1338,1425,0.5
1338,1428,0.5
1338,1433,0.5
1338,1435,0.5
1338,1437,0.5
1338,1438,0.5
1338,1451,0.5
1338,1452,0.5
1338,1453,0.5
1338,1455,0.5
1338,1458,0.5
1338,1462,0.5
1338,1463,0.5
1344,1345,0.5
1344,1355,0.5
1344,1371,0.5
1344,1372,0.5
1344,1380,0.5
1344,1386,0.5
1344,1392,0.5
1344,1393,0.5
1344,1396,0.5
1344,1400,0.5
1344,1401,0.5
1344,1403,0.5
1344,1409,0.5
1344,1421,0.5
1344,1423,0.5
1344,1425,0.5
1344,1428,0.5
1344,1433,0.5
1344,1435,0.5
1344,1437,0.5
1344,1438,0.5
1344,1451,0.5
1344,1452,0.5
1344,1453,0.5
1344,1455,0.5
1344,1458,0.5
1344,1462,0.5
1344,1463,0.5
1345,1355,0.5
1345,1371,0.5
1345,1372,0.5
1345,1380,0.5
1345,1386,0.5
1345,1392,0.5
1345,1393,0.5
1345,1396,0.5
1345,1400,0.5
1345,1401,0.5
1345,1403,0.5
1345,1409,0.5
1345,1421,0.5
1345,1423,0.5
1345,1425,0.5
1345,1428,0.5
1345,1433,0.5
1345,1435,0.5
1345,1437,0.5
1345,1438,0.5
1345,1451,0.5
1345,1452,0.5
1345,1453,0.5
1345,1455,0.5
1345,1458,0.5
1345,1462,0.5
1345,1463,0.5
1355,1371,0.5
1355,1372,0.5
1355,1380,0.5
1355,1386,0.5
1355,1392,0.5
1355,1393,0.5
1355,1396,0.5
1355,1400,0.5
1355,1401,0.5
1355,1403,0.5
1355,1409,0.5
1355,1421,0.5
1355,1423,0.5
1355,1425,0.5
1355,1428,0.5
1355,1433,0.5
1355,1435,0.5
1355,1437,0.5
1355,1438,0.5
1355,1451,0.5
1355,1452,0.5
1355,1453,0.5
1355,1455,0.5
1355,1458,0.5
1355,1462,0.5
1355,1463,0.5
1371,1372,0.5
1371,1380,0.5
1371,1386,0.5
1371,1392,0.5
1371,1393,0.5
1371,1396,0.5
1371,1400,0.5
1371,1401,0.5
1371,1403,0.5
1371,1409,0.5
1371,1421,0.5
1371,1423,0.5
1371,1425,0.5
1371,1428,0.5
1371,1433,0.5
1371,1435,0.5
1371,1437,0.5
1371,1438,0.5
1371,1451,0.5
1371,1452,0.5
1371,1453,0.5
1371,1455,0.5
1371,1458,0.5
1371,1462,0.5
1371,1463,0.5
1372,1380,0.5
1372,1386,0.5
1372,1392,0.5
1372,1393,0.5
1372,1396,0.5
1372,1400,0.5
1372,1401,0.5
1372,1403,0.5
1372,1409,0.5
1372,1421,0.5
1372,1423,0.5
1372,1425,0.5
1372,1428,0.5
1372,1433,0.5
1372,1435,0.5
1372,1437,0.5
1372,1438,0.5
1372,1451,0.5
1372,1452,0.5
1372,1453,0.5
1372,1455,0.5
1372,1458,0.5
1372,1462,0.5
1372,1463,0.5
1380,1386,0.5
1380,1392,0.5
1380,1393,0.5
1380,1396,0.5
1380,1400,0.5
1380,1401,0.5
1380,1403,0.5
1380,1409,0.5
1380,1421,0.5
1380,1423,0.5
1380,1425,0.5
1380,1428,0.5
1380,1433,0.5
1380,1435,0.5
1380,1437,0.5
1380,1438,0.5
1380,1451,0.5
1380,1452,0.5
1380,1453,0.5
1380,1455,0.5
1380,1458,0.5
1380,1462,0.5
1380,1463,0.5
1386,1392,0.5
1386,1393,0.5
1386,1396,0.5
1386,1400,0.5
1386,1401,0.5
1386,1403,0.5
1386,1409,0.5
1386,1421,0.5
1386,1423,0.5
1386,1425,0.5
1386,1428,0.5
1386,1433,0.5
1386,1435,0.5
1386,1437,0.5
1386,1438,0.5
1386,1451,0.5
1386,1452,0.5
1386,1453,0.5
1386,1455,0.5
1386,1458,0.5
1386,1462,0.5
1386,1463,0.5
1392,1393,0.5
1392,1396,0.5
1392,1400,0.5
1392,1401,0.5
1392,1403,0.5
1392,1409,0.5
1392,1421,0.5
1392,1423,0.5
1392,1425,0.5
1392,1428,0.5
1392,1433,0.5
1392,1435,0.5
1392,1437,0.5
1392,1438,0.5
1392,1451,0.5
1392,1452,0.5
1392,1453,0.5
1392,1455,0.5
1392,1458,0.5
1392,1462,0.5
1392,1463,0.5
1393,1396,0.5
1393,1400,0.5
1393,1401,0.5
1393,1403,0.5
1393,1409,0.5
1393,1421,0.5
1393,1423,0.5
1393,1425,0.5
1393,1428,0.5
1393,1433,0.5
1393,1435,0.5
1393,1437,0.5
1393,1438,0.5
1393,1451,0.5
1393,1452,0.5
1393,1453,0.5
1393,1455,0.5
1393,1458,0.5
1393,1462,0.5
1393,1463,0.5
1396,1400,0.5
1396,1401,0.5
1396,1403,0.5
1396,1409,0.5
1396,1421,0.5
1396,1423,0.5
1396,1425,0.5
1396,1428,0.5
1396,1433,0.5
1396,1435,0.5
1396,1437,0.5
1396,1438,0.5
1396,1451,0.5
1396,1452,0.5
1396,1453,0.5
1396,1455,0.5
1396,1458,0.5
1396,1462,0.5
1396,1463,0.5
1400,1401,0.5
1400,1403,0.5
1400,1409,0.5
1400,1421,0.5
1400,1423,0.5
1400,1425,0.5
1400,1428,0.5
1400,1433,0.5
1400,1435,0.5
1400,1437,0.5
1400,1438,0.5
1400,1451,0.5
1400,1452,0.5
1400,1453,0.5
1400,1455,0.5
1400,1458,0.5
1400,1462,0.5
1400,1463,0.5
1401,1403,0.5
1401,1409,0.5
1401,1421,0.5
1401,1423,0.5
1401,1425,0.5
1401,1428,0.5
1401,1433,0.5
1401,1435,0.5
1401,1437,0.5
1401,1438,0.5
1401,1451,0.5
1401,1452,0.5
1401,1453,0.5
1401,1455,0.5
1401,1458,0.5
1401,1462,0.5
1401,1463,0.5
1403,1409,0.5
1403,1421,0.5
1403,1423,0.5
1403,1425,0.5
1403,1428,0.5
1403,1433,0.5
1403,1435,0.5
1403,1437,0.5
1403,1438,0.5
1403,1451,0.5
1403,1452,0.5
1403,1453,0.5
1403,1455,0.5
1403,1458,0.5
1403,1462,0.5
1403,1463,0.5
1409,1421,0.5
1409,1423,0.5
1409,1425,0.5
1409,1428,0.5
1409,1433,0.5
1409,1435,0.5
1409,1437,0.5
1409,1438,0.5
1409,1451,0.5
1409,1452,0.5
1409,1453,0.5
1409,1455,0.5
1409,1458,0.5
1409,1462,0.5
1409,1463,0.5
1421,1423,0.5
1421,1425,0.5
1421,1428,0.5
1421,1433,0.5
1421,1435,0.5
1421,1437,0.5
1421,1438,0.5
1421,1451,0.5
1421,1452,0.5
1421,1453,0.5
1421,1455,0.5
1421,1458,0.5
1421,1462,0.5
1421,1463,0.5
1423,1425,0.5
1423,1428,0.5
1423,1433,0.5
1423,1435,0.5
1423,1437,0.5
1423,1438,0.5
1423,1451,0.5
1423,1452,0.5
1423,1453,0.5
1423,1455,0.5
1423,1458,0.5
1423,1462,0.5
1423,1463,0.5
1425,1428,0.5
1425,1433,0.5
1425,1435,0.5
1425,1437,0.5
1425,1438,0.5
1425,1451,0.5
1425,1452,0.5
1425,1453,0.5
1425,1455,0.5
1425,1458,0.5
1425,1462,0.5
1425,1463,0.5
1428,1433,0.5
1428,1435,0.5
1428,1437,0.5
1428,1438,0.5
1428,1451,0.5
1428,1452,0.5
1428,1453,0.5
1428,1455,0.5
1428,1458,0.5
1428,1462,0.5
1428,1463,0.5
1433,1435,0.5
1433,1437,0.5
1433,1438,0.5
1433,1451,0.5
1433,1452,0.5
1433,1453,0.5
1433,1455,0.5
1433,1458,0.5
1433,1462,0.5
1433,1463,0.5
1435,1437,0.5
1435,1438,0.5
1435,1451,0.5
1435,1452,0.5
1435,1453,0.5
1435,1455,0.5
1435,1458,0.5
1435,1462,0.5
1435,1463,0.5
1437,1438,0.5
1437,1451,0.5
1437,1452,0.5
1437,1453,0.5
1437,1455,0.5
1437,1458,0.5
1437,1462,0.5
1437,1463,0.5
1438,1451,0.5
1438,1452,0.5
1438,1453,0.5
1438,1455,0.5
1438,1458,0.5
1438,1462,0.5
1438,1463,0.5
1451,1452,0.5
1451,1453,0.5
1451,1455,0.5
1451,1458,0.5
1451,1462,0.5
1451,1463,0.5
1452,1453,0.5
1452,1455,0.5
1452,1458,0.5
1452,1462,0.5
1452,1463,0.5
1453,1455,0.5
1453,1458,0.5
1453,1462,0.5
1453,1463,0.5
1455,1458,0.5
1455,1462,0.5
1455,1463,0.5
1458,1462,0.5
1458,1463,0.5
1462,1463,0.5
